{
	"format_version": "1.8.0",
	"animations": {
		"animation.baby.walk": {
			"loop": true,
			"animation_length": 1.16667,
			"bones": {
				"head_c": {
					"rotation": {
						"0.0": [0, 0, 0],
						"0.2917": [5, 0, 0],
						"0.5833": [0, 0, 0],
						"0.875": [-5, 0, 0],
						"1.1667": [0, 0, 0]
					}
				},
				"left_arm_c": {
					"rotation": {
						"0.0": [0, 0, 0],
						"0.2917": [25, 0, 0],
						"0.5833": [0, 0, 0],
						"0.875": [-25, 0, 0],
						"1.1667": [0, 0, 0]
					}
				},
				"right_arm_c": {
					"rotation": {
						"0.0": [0, 0, 0],
						"0.2917": [-25, 0, 0],
						"0.5833": [0, 0, 0],
						"0.875": [25, 0, 0],
						"1.1667": [0, 0, 0]
					}
				},
				"left_leg_c": {
					"rotation": {
						"0.0": [0, 0, 0],
						"0.2917": [-25, 0, 0],
						"0.5833": [0, 0, 0],
						"0.875": [25, 0, 0],
						"1.1667": [0, 0, 0]
					}
				},
				"right_leg_c": {
					"rotation": {
						"0.0": [0, 0, 0],
						"0.2917": [25, 0, 0],
						"0.5833": [0, 0, 0],
						"0.875": [-25, 0, 0],
						"1.1667": [0, 0, 0]
					}
				}
			}
		},
		"animation.baby.run": {
			"loop": true,
			"animation_length": 0.33333,
			"bones": {
				"head_c": {
					"rotation": {
						"0.0": [0, 0, 0],
						"0.0833": [5, 0, 0],
						"0.1667": [0, 0, 0],
						"0.25": [-5, 0, 0],
						"0.3333": [0, 0, 0]
					}
				},
				"left_arm_c": {
					"rotation": {
						"0.0": [0, 0, 0],
						"0.0833": [25, 0, 0],
						"0.1667": [0, 0, 0],
						"0.25": [-25, 0, 0],
						"0.3333": [0, 0, 0]
					}
				},
				"right_arm_c": {
					"rotation": {
						"0.0": [0, 0, 0],
						"0.0833": [-25, 0, 0],
						"0.1667": [0, 0, 0],
						"0.25": [25, 0, 0],
						"0.3333": [0, 0, 0]
					}
				},
				"left_leg_c": {
					"rotation": {
						"0.0": [0, 0, 0],
						"0.0833": [-25, 0, 0],
						"0.1667": [0, 0, 0],
						"0.25": [25, 0, 0],
						"0.3333": [0, 0, 0]
					}
				},
				"right_leg_c": {
					"rotation": {
						"0.0": [0, 0, 0],
						"0.0833": [25, 0, 0],
						"0.1667": [0, 0, 0],
						"0.25": [-25, 0, 0],
						"0.3333": [0, 0, 0]
					}
				}
			}
		},
		"animation.baby.idle": {
			"loop": true,
			"animation_length": 2,
			"bones": {
				"head_c": {
					"scale": {
						"0.0": [1, 1, 1],
						"0.5": [1.005, 1.005, 1.005],
						"1.0": [1, 1, 1],
						"1.5": [0.995, 0.995, 0.995],
						"2.0": [1, 1, 1]
					}
				},
				"body_c": {
					"scale": {
						"0.0": [1, 1, 1],
						"0.5": [1, 1, 1.005],
						"1.0": [1, 1, 1],
						"1.5": [1, 1, 0.995],
						"2.0": [1, 1, 1]
					}
				},
				"left_arm_c": {
					"scale": {
						"0.0": [1, 1, 1],
						"0.5": [1, 1.005, 1],
						"1.0": [1, 1, 1],
						"1.5": [1, 0.995, 1],
						"2.0": [1, 1, 1]
					}
				},
				"right_arm_c": {
					"scale": {
						"0.0": [1, 1, 1],
						"0.5": [1, 1.005, 1],
						"1.0": [1, 1, 1],
						"1.5": [1, 0.995, 1],
						"2.0": [1, 1, 1]
					}
				}
			}
		},
		"animation.baby.panic": {
			"loop": true,
			"animation_length": 0.375,
			"bones": {
				"head_c": {
					"rotation": {
						"0.0": [0, 0, 0],
						"0.125": [0, 30, 0],
						"0.25": [0, -20, 0],
						"0.375": [0, 0, 0]
					}
				},
				"left_arm_c": {
					"rotation": {
						"0.0": [-180, 0, 45],
						"0.125": [-135, 0, 45],
						"0.25": [-225, 0, 45],
						"0.375": [-180, 0, 45]
					}
				},
				"right_arm_c": {
					"rotation": {
						"0.0": [-180, 0, -45],
						"0.125": [-225, 0, -45],
						"0.25": [-135, 0, -45],
						"0.375": [-180, 0, -45]
					}
				},
				"left_leg_c": {
					"rotation": {
						"0.0": [0, 0, 0],
						"0.125": [-25, 0, 0],
						"0.25": [25, 0, 0],
						"0.375": [0, 0, 0]
					}
				},
				"right_leg_c": {
					"rotation": {
						"0.0": [0, 0, 0],
						"0.125": [25, 0, 0],
						"0.25": [-25, 0, 0],
						"0.375": [0, 0, 0]
					}
				}
			}
		},
		"animation.baby.swing": {
			"loop": true,
			"animation_length": 0.25,
			"bones": {
				"right_arm_c": {
					"rotation": {
						"0.0": [0, 0, 0],
						"0.0417": [-37.5, 52.5, 0],
						"0.0833": [-90, 17.5, 0],
						"0.125": [-95, -10, 0],
						"0.1667": [-60, -25, 0],
						"0.2083": [-27.5, -7.5, 0],
						"0.25": [0, 0, 0]
					},
					"position": [0, 0, 0],
					"scale": 1
				}
			}
		}
	},
	"geckolib_format_version": 2
}